{
  "name": "opensmile.shop.com",
  "version": "1.0.0",
  "description": "A simple e-commerce website for selling products",
  "main": "index.js",
  "scripts": {
    "start": "node index.js",
    "test": "echo \"Error: no test specified\" && exit 1"
  },
  "keywords": ["ecommerce", "shop", "nodejs", "website"],
  "author": "chris rathana",
  "license": "ISC"
}
{

 "dependencies": {
   "debug": "^4.4.1"
  },

   "name": "openonline.shop.com",
   "version": "1.0.0",
   "main": "index.js",
   "devDependencies": {},
    "scripts": {
  "test": "echo "Error: no test specified\" && exit 1"
   }
},
   "keywords": ["ecommerce", "shop.com",   "nodejs", "website"],
   "author": "chris rathana",
   "license": "ISC",
   "description": {
      
}